{
    "debug": false,
    "difficulty": "normal",
    "fps": 60,
    "fullscreen": false,
    "music": 0.5019455252918288,
    "screenSize": [
        720,
        480
    ],
    "sfx": 0.7937743190661478,
    "volume": 100
}