{
    "debug": false,
    "difficulty": "easy",
    "fps": 60,
    "fullscreen": false,
    "music": 0.7782101167315175,
    "screenSize": [
        720,
        480
    ],
    "sfx": 0.7782101167315175,
    "volume": 100
}