{
    "debug": false,
    "difficulty": "normal",
    "fps": 60,
    "fullscreen": false,
    "music": 0.7509727626459144,
    "screenSize": [
        720,
        480
    ],
    "sfx": 0.4085603112840467,
    "volume": 100
}