{
    "debug": false,
    "difficulty": "normal",
    "fps": 60,
    "fullscreen": false,
    "music": 0.8210116731517509,
    "screenSize": [
        720,
        480
    ],
    "sfx": 0.3151750972762646,
    "volume": 100
}